{
  "01": {
    "clients": [
      100000, 200000, 300000, 400000, 500000, 600000, 700000, 800000, 900000,
      1000000
    ],
    "syncServiceMemory": [
      134410956.15875081, 130496122.89908257, 131894534.22881356,
      135630697.91902834, 129499521.71333702, 138155825.94741967,
      134175098.45115453, 137554435.50230415, 133581181.98016781,
      140547456.79595278
    ],
    "latencyP99": [
      906.4, 164.0, 161.0, 313.0, 289.2, 149.4, 148.0, 426.3, 588.5, 762.3
    ],
    "latencyP95": [
      680.0, 141.0, 136.0, 137.0, 140.0, 136.0, 136.0, 137.0, 138.0, 145.0
    ],
    "latencyMin": [38, 40, 39, 39, 39, 39, 39, 39, 29, 39],
    "latencyMean": [
      169.0, 111.0, 112.0, 110.0, 109.0, 103.0, 98.0, 103.0, 107.0, 108.0
    ]
  },
  "08": {
    "clients": [
      100000, 200000, 300000, 400000, 500000, 600000, 700000, 800000, 900000,
      1000000
    ],
    "syncServiceMemory": [
      140908443.28082192, 144824390.1532567, 141254914.39000961,
      147019373.25811966, 143461288.4040404, 137469823.27204503,
      140446023.46534653, 141577913.2516011, 146528775.69824561,
      142434288.3003003
    ],
    "latencyP99": [
      497.4, 555.7, 599.5, 745.2, 636.4, 633.0, 680.7, 631.0, 642.0, 659.0
    ],
    "latencyP95": [
      372.0, 430.0, 433.0, 470.0, 494.8, 474.0, 497.0, 525.0, 573.0, 603.0
    ],
    "latencyMin": [53, 49, 48, 47, 37, 39, 40, 41, 37, 37],
    "latencyMean": [
      184.0, 198.0, 195.0, 193.0, 194.0, 244.0, 325.0, 387.0, 422.0, 411.0
    ]
  },
  "16": {
    "clients": [
      100000, 200000, 300000, 400000, 500000, 600000, 700000, 800000, 900000,
      1000000
    ],
    "syncServiceMemory": [
      183168384.36908881, 187632226.58088931, 142978966.67489712,
      160860059.81069959, 154866966.74385965, 149829325.7589852,
      188003115.93131643, 181152340.15866388, 209312369.83443223,
      213181084.52704577
    ],
    "latencyP99": [
      346.2, 327.5, 304.0, 331.0, 399.0, 318.0, 332.0, 371.0, 410.0, 404.7
    ],
    "latencyP95": [
      231.9, 248.8, 239.0, 256.0, 289.0, 256.0, 285.0, 321.0, 367.0, 376.0
    ],
    "latencyMin": [56, 70, 38, 38, 39, 37, 39, 35, 45, 41],
    "latencyMean": [
      212.5, 204.5, 166.0, 172.0, 185.0, 176.0, 204.0, 228.0, 252.0, 238.0
    ]
  }
}
